{"cameraMode":{"drawMode":0,"name":"Shaded","section":"Shading Mode"},"sceneLighting":false,"audioPlay":false,"sceneViewState":{"m_AlwaysRefresh":false,"showFog":true,"showSkybox":false,"showFlares":true,"showImageEffects":true,"showParticleSystems":true,"showVisualEffectGraphs":true,"m_FxEnabled":true},"in2DMode":false,"pivot":{"x":427.3129577636719,"y":194.0120849609375,"z":-5.3545403480529789},"rotation":{"x":-0.041044287383556369,"y":0.05123300477862358,"z":-0.002105094026774168,"w":-0.9978514313697815},"size":15.325286865234375,"orthographic":false}